DT,COMP_PRD_NO,COMP_STOCK_NO,BASE_QTY,INCM_QTY,END_QTY,ORD_CNT,ORD_QTY,MIN_ACTUAL_PAY,MED_ACTUAL_PAY,EVNT_11ST_2016,EVNT_MW_HOT_ISSUE,EVNT_MW_SHCK_DEAL,EVNT_MW_LOWER_BANS,EVNT_NOW_BANS,EVNT_OTHERS
2016-11-17,1624714294,6252686295,0,1024,1018,14,32,15840,17853,N,N,N,N,N,N
2016-11-18,1624714294,6252686295,1018,640,254,785,1592,12465,14685,N,N,Y,N,N,N
2016-11-21,1624714294,6252686295,56,0,38,7,14,15840,17185,N,N,N,N,N,N
2016-11-26,1624714294,6252686295,1249,0,1209,13,26,16545,17950,N,N,N,N,N,N
2016-11-24,1624714294,6252686295,27,1280,1307,8,16,16670,18685,N,N,N,N,N,N
2016-11-25,1624714294,6252686295,1307,0,1249,32,66,14390,17128,N,N,N,N,N,N
2016-11-29,1624714294,6252686295,2350,0,2240,54,110,16450,17950,N,N,N,N,N,N
2016-11-27,1624714294,6252686295,1209,0,1209,32,64,16545,18410,N,N,N,N,N,N
2016-11-28,1624714294,6252686295,1209,1279,2350,49,102,16545,18870,N,N,N,N,N,N
2016-11-30,1624714294,6252686295,2240,0,2134,51,102,17055,18480,N,N,N,N,N,N
2016-12-01,1624714294,6252686295,2134,1024,2906,185,378,14020,16465,N,N,N,N,N,N
2016-12-04,1624714294,6252686295,2458,0,2458,98,208,14450,17315,N,N,N,N,N,N
2016-12-02,1624714294,6252686295,2906,0,2580,105,226,15960,17315,N,N,N,N,N,N
2016-12-03,1624714294,6252686295,2580,0,2458,64,132,15345,17315,N,N,N,N,N,N
2016-12-05,1624714294,6252686295,2458,1280,3328,103,216,14450,17315,N,N,N,N,N,N
2016-12-06,1624714294,6252686295,3328,0,2676,434,884,14245,16445,N,N,N,Y,N,Y
2016-12-07,1624714294,6252686295,2676,0,2122,191,392,9250,16445,N,N,N,N,N,N
2016-12-10,1624714294,6252686295,1426,0,1268,106,216,14460,16800,N,N,N,N,N,N
2016-12-08,1624714294,6252686295,2122,0,1734,175,358,9725,16445,N,N,N,N,N,N
2016-12-09,1624714294,6252686295,1734,0,1426,122,256,14450,16554,N,N,N,N,N,N
2016-12-11,1624714294,6252686295,1268,0,1268,260,578,12480,15208,N,N,N,N,N,N
2016-12-12,1624714294,6252686295,1268,640,1033,190,396,15475,16930,N,N,N,N,N,N
2016-12-15,1624714294,6252686295,449,0,273,79,168,15625,17930,N,N,N,N,N,N
2016-12-13,1624714294,6252686295,1033,0,651,118,254,14020,18480,N,N,N,N,N,N
2016-12-14,1624714294,6252686295,651,0,449,71,146,16445,18870,N,N,N,N,N,N
2016-12-16,1624714294,6252686295,273,0,152,58,120,15960,18030,N,N,N,N,N,N
2016-12-17,1624714294,6252686295,152,0,76,35,74,16475,18495,N,N,N,N,N,N
2016-12-20,1624714294,6252686295,650,0,488,72,156,16450,18023,N,N,N,N,N,N
2016-12-18,1624714294,6252686295,76,0,76,13,26,17035,17930,N,N,N,N,N,N
2016-12-19,1624714294,6252686295,76,640,650,27,58,15625,18480,N,N,N,N,N,N
2016-12-21,1624714294,6252686295,488,0,356,53,116,16950,17930,N,N,N,N,N,N
2016-12-22,1624714294,6252686295,356,0,288,24,50,17035,18480,N,N,N,N,N,N
2016-12-23,1624714294,6252686295,288,640,894,8,16,16120,18023,N,N,N,N,N,N
2016-12-26,1624714294,6252686295,894,0,858,14,28,16475,17930,N,N,N,N,N,N
2016-12-24,1624714294,6252686295,894,0,894,6,12,17035,17845,N,N,N,N,N,N
2016-12-25,1624714294,6252686295,894,0,894,9,18,17165,19065,N,N,N,N,N,N
2016-12-27,1624714294,6252686295,858,0,826,11,26,17035,17930,N,N,N,N,N,N
2016-12-28,1624714294,6252686295,826,0,798,5,10,17575,17595,N,N,N,N,N,N
2016-12-31,1624714294,6252686295,753,0,738,15,28,16120,17560,N,N,N,N,N,N
2016-12-29,1624714294,6252686295,798,640,1426,11,22,17035,17930,N,N,N,N,N,N
2016-12-30,1624714294,6252686295,1426,0,753,18,32,16120,18480,N,N,N,N,N,N
2017-01-01,1624714294,6252686295,738,0,738,40,58,16430,16465,N,N,N,N,N,N
2017-01-02,1624714294,6252686295,738,640,1263,65,105,17035,18850,N,N,N,N,N,N
2017-01-05,1624714294,6252686295,1202,1920,2925,56,109,16545,18475,N,N,N,N,N,N
2017-01-03,1624714294,6252686295,1263,0,979,210,407,16545,17415,N,N,N,N,N,N
2017-01-04,1624714294,6252686295,979,640,1202,176,357,14245,17415,N,N,N,N,N,N
2017-01-06,1624714294,6252686295,2925,0,2790,70,162,17005,17900,N,N,N,N,N,N
2017-01-07,1624714294,6252686295,2790,0,2630,89,197,17005,17900,N,N,N,N,N,N
2017-01-10,1624714294,6252686295,2125,0,1861,109,217,16495,17360,N,N,N,N,N,N
2017-01-08,1624714294,6252686295,2630,0,2630,111,244,17005,17900,N,N,N,N,N,N
2017-01-09,1624714294,6252686295,2630,0,2125,119,264,17005,17900,N,N,N,N,N,N
2017-01-11,1624714294,6252686295,1861,0,1292,416,871,12600,15455,N,N,N,N,N,N
2017-01-12,1624714294,6252686295,1292,1280,2020,129,279,16495,17570,N,N,N,N,N,N
2017-01-15,1624714294,6252686295,2286,0,2286,101,205,16480,17360,N,N,N,N,N,N
2017-01-13,1624714294,6252686295,2020,0,1779,102,207,16495,17538,N,N,N,N,N,N
2017-01-14,1624714294,6252686295,1779,0,2286,76,157,16495,17449,N,N,N,N,N,N
2017-01-16,1624714294,6252686295,2286,0,1823,129,265,16495,17360,N,N,N,N,N,N
2017-01-17,1624714294,6252686295,1823,0,1551,116,273,16495,17505,N,N,N,N,N,N
2017-01-20,1624714294,6252686295,2368,0,2171,70,151,16085,17360,N,N,N,N,N,N
2017-01-18,1624714294,6252686295,1551,1280,2601,109,233,14245,17540,N,N,N,N,N,N
2017-01-19,1624714294,6252686295,2601,0,2368,102,218,16495,17360,N,N,N,N,N,N
2017-01-21,1624714294,6252686295,2171,0,2171,44,88,16495,17360,N,N,N,N,N,N
2017-01-22,1624714294,6252686295,2171,0,2107,54,111,16495,17820,N,N,N,N,N,N
2017-01-25,1624714294,6252686295,1666,0,1497,114,230,14245,17055,N,N,N,Y,N,Y
2017-01-23,1624714294,6252686295,2107,0,1829,82,175,16495,17540,N,N,N,N,N,N
2017-01-24,1624714294,6252686295,1829,0,1666,55,118,16495,17660,N,N,N,N,N,N
2017-01-26,1624714294,6252686295,1497,0,1497,42,86,16545,17415,N,N,N,Y,N,Y
2017-01-29,1624714294,6252686295,1497,0,1497,42,85,16545,17595,N,N,N,N,N,Y
2017-01-27,1624714294,6252686295,1497,0,1497,24,48,16545,17243,N,N,N,N,N,Y
2017-01-28,1624714294,6252686295,1497,0,1497,23,46,16545,17415,N,N,N,N,N,Y
2017-01-30,1624714294,6252686295,1497,0,1122,63,124,16545,17415,N,N,N,N,N,Y
2017-01-31,1624714294,6252686295,1122,0,896,87,174,16545,17415,N,N,N,N,N,Y
2017-02-01,1624714294,6252686295,896,1920,2425,292,632,15670,16240,N,N,N,Y,N,Y
2017-02-03,1624714294,6252686295,2505,0,2251,104,236,16315,17170,N,N,N,N,N,Y
2017-02-02,1624714294,6252686295,2425,640,2505,170,378,16315,17170,N,N,N,Y,N,Y
2017-02-04,1624714294,6252686295,2251,0,2116,45,94,16315,17170,N,N,N,N,N,N
2017-02-05,1624714294,6252686295,2116,0,2116,97,215,16315,17170,N,N,N,N,N,Y
2017-02-08,1624714294,6252686295,3326,0,3131,85,186,16315,17415,N,N,N,N,N,N
2017-02-06,1624714294,6252686295,2116,1280,2947,120,274,16315,17190,N,N,N,N,N,Y
2017-02-07,1624714294,6252686295,2947,640,3326,121,254,16315,17170,N,N,N,N,N,Y
2017-02-09,1624714294,6252686295,3131,640,3597,70,158,16545,17875,N,N,N,N,N,N
2017-02-10,1624714294,6252686295,3597,640,4112,51,111,16545,17415,N,N,N,N,N,Y
2017-02-13,1624714294,6252686295,3796,640,4271,63,133,16545,17950,N,N,N,N,N,N
2017-02-11,1624714294,6252686295,4112,0,4112,117,243,14630,15500,N,N,N,N,N,Y
2017-02-12,1624714294,6252686295,4112,0,3796,48,103,16545,17950,N,N,N,N,N,Y
2017-02-14,1624714294,6252686295,4271,0,4089,78,166,16545,17415,N,N,N,N,N,N
2017-02-17,1624714294,6252686295,4787,0,4460,72,148,16545,17505,N,N,N,N,N,N
2017-02-15,1624714294,6252686295,4089,1280,5225,75,162,16545,17415,N,N,N,N,N,N
2017-02-16,1624714294,6252686295,5225,0,4787,297,603,16085,16930,N,N,Y,N,N,N
2017-02-18,1624714294,6252686295,4460,0,4379,45,87,16545,17595,N,N,N,N,N,N
2017-02-19,1624714294,6252686295,4379,0,4379,55,109,16545,17773,N,N,N,N,N,N
2017-02-22,1624714294,6252686295,3987,1280,5082,68,154,16178,17413,N,N,N,N,N,N
2017-02-20,1624714294,6252686295,4379,0,4131,63,129,16545,17415,N,N,N,N,N,N
2017-02-21,1624714294,6252686295,4131,0,3987,83,165,16545,17788,N,N,N,N,N,N
2017-02-23,1624714294,6252686295,5082,0,4903,128,252,14715,16130,N,N,N,N,N,N
2017-02-24,1624714294,6252686295,4903,0,4731,54,114,14715,17415,N,N,N,N,N,N
2017-02-27,1624714294,6252686295,4528,1280,5630,73,161,15960,17950,N,N,N,N,N,N
2017-02-25,1624714294,6252686295,4731,0,4731,40,106,14715,17369,N,N,N,N,N,N
2017-02-26,1624714294,6252686295,4731,0,4528,63,125,14505,17415,N,N,N,N,N,N
2017-02-28,1624714294,6252686295,5630,0,5486,66,135,16370,17415,N,N,N,N,N,N
2017-03-03,1624714294,6252686295,5145,1920,6911,79,158,17125,17533,N,N,N,N,N,Y
2017-03-01,1624714294,6252686295,5486,0,5365,83,172,16930,17474,N,N,N,N,N,N
2017-03-02,1624714294,6252686295,5365,0,5145,85,151,17125,17760,N,N,N,N,N,N
2017-03-04,1624714294,6252686295,6911,0,6911,54,88,17125,17415,N,N,N,N,N,Y
2017-03-05,1624714294,6252686295,6911,0,6735,76,127,17125,17651,N,N,N,N,N,Y
2017-03-08,1624714294,6252686295,6359,0,6218,74,128,17230,17950,N,N,N,N,N,N
2017-03-06,1624714294,6252686295,6735,0,6518,90,167,16930,17474,N,N,N,N,N,N
2017-03-07,1624714294,6252686295,6518,0,6359,153,188,15630,16390,N,N,N,N,N,Y
2017-03-09,1624714294,6252686295,6218,0,6071,73,141,17224,17697,N,N,N,N,N,N
2017-03-10,1624714294,6252686295,6071,0,5969,45,75,17224,17760,N,N,N,N,N,N
2017-03-13,1624714294,6252686295,5756,0,5589,67,129,17224,17760,N,N,N,N,N,N
2017-03-11,1624714294,6252686295,5969,0,5969,100,187,13800,15690,N,N,N,N,N,N
2017-03-12,1624714294,6252686295,5969,0,5756,43,78,16930,17950,N,N,N,N,N,N
2017-03-14,1624714294,6252686295,5589,0,5442,67,144,17230,17760,N,N,N,N,N,N
2017-03-16,1624714294,6252686295,5307,0,5172,68,125,17224,17760,N,N,N,N,N,N
2017-03-17,1624714294,6252686295,5172,0,5049,44,87,16930,17753,N,N,N,N,N,N
2017-03-15,1624714294,6252686295,5442,0,5307,81,167,17224,17760,N,N,N,N,N,N
2017-03-18,1624714294,6252686295,5049,0,5049,31,62,17224,17950,N,N,N,N,N,N
2017-03-21,1624714294,6252686295,4812,0,4664,73,132,17224,17760,N,N,N,N,N,N
2017-03-19,1624714294,6252686295,5049,0,4961,45,80,17224,17760,N,N,N,N,N,N
2017-03-20,1624714294,6252686295,4961,0,4812,80,145,17224,17950,N,N,N,N,N,N
2017-03-22,1624714294,6252686295,4664,0,3894,107,199,15335,16325,N,N,N,N,N,N
2017-03-23,1624714294,6252686295,3894,0,3611,316,381,14995,15000,N,N,N,N,N,N
2017-03-26,1624714294,6252686295,3187,0,2841,3,4,17760,17760,N,N,N,N,N,Y
2017-03-24,1624714294,6252686295,3611,0,3187,301,348,14850,15000,N,N,N,N,N,N
2017-03-25,1624714294,6252686295,3187,0,3187,201,248,14995,15000,N,N,N,N,N,Y
2017-03-27,1624714294,6252686295,2841,0,2762,89,133,17230,17950,N,N,N,N,N,N
2017-03-28,1624714294,6252686295,2762,0,2642,58,89,17230,17855,N,N,N,N,N,N
2017-03-31,1624714294,6252686295,1074,0,1023,32,50,17230,17950,N,N,N,N,N,N
2017-03-29,1624714294,6252686295,2642,0,1155,56,112,17230,17950,N,N,N,N,N,N
2017-03-30,1624714294,6252686295,1155,0,1074,29,45,17230,17775,N,N,N,N,N,N
2017-04-01,1624714294,6252686295,1023,0,1023,40,70,17230,17950,N,N,N,N,N,N
2017-04-04,1624714294,6252686295,875,0,720,78,138,16927,17450,N,N,N,N,N,Y
2017-04-02,1624714294,6252686295,1023,0,932,37,53,17230,17950,N,N,N,N,N,N
2017-04-03,1624714294,6252686295,932,0,875,54,87,16928,17450,N,N,N,N,N,N
2017-04-05,1624714294,6252686295,720,0,584,56,114,16928,17450,N,N,N,N,N,N
2017-04-06,1624714294,6252686295,584,0,489,56,92,16928,17450,N,N,N,N,N,N
2017-04-09,1624714294,6252686295,1677,0,1599,52,91,16928,17450,N,N,N,N,N,Y
2017-04-07,1624714294,6252686295,489,1280,1677,37,71,16928,17450,N,N,N,N,N,N
2017-04-08,1624714294,6252686295,1677,0,1677,20,40,16927,17450,N,N,N,N,N,N
2017-04-10,1624714294,6252686295,1599,0,1421,90,161,17230,17950,N,N,N,N,N,N
2017-04-13,1624714294,6252686295,1066,640,1592,69,120,17230,17950,N,N,N,N,N,N
2017-04-11,1624714294,6252686295,1421,0,1233,144,236,15335,17008,N,N,N,N,N,N
2017-04-12,1624714294,6252686295,1233,0,1066,62,103,16738,17950,N,N,N,N,N,N
2017-04-14,1624714294,6252686295,1592,0,1491,55,90,17230,17950,N,N,N,N,N,Y
2017-04-17,1624714294,6252686295,1398,0,1257,68,122,16455,17230,N,N,N,N,N,N
2017-04-15,1624714294,6252686295,1491,0,1491,25,47,17230,17760,N,N,N,N,N,N
2017-04-16,1624714294,6252686295,1491,0,1398,42,73,17230,17950,N,N,N,N,N,N
2017-04-18,1624714294,6252686295,1257,0,1150,67,116,16455,17230,N,N,N,N,N,N
2017-04-19,1624714294,6252686295,1150,0,1026,60,104,16455,17230,N,N,N,Y,N,N
2017-04-22,1624714294,6252686295,853,0,853,79,133,14645,15335,N,N,N,N,N,N
2017-04-20,1624714294,6252686295,1026,0,946,49,85,16455,16960,N,N,N,Y,N,N
2017-04-21,1624714294,6252686295,946,0,853,43,70,16455,17230,N,N,N,N,N,N
2017-04-23,1624714294,6252686295,853,0,688,29,55,16455,17230,N,N,N,N,N,N
2017-04-26,1624714294,6252686295,298,0,142,91,169,14505,16455,N,N,N,N,N,N
2017-04-24,1624714294,6252686295,688,0,545,97,203,16451,16960,N,N,N,N,N,N
2017-04-25,1624714294,6252686295,545,0,298,96,195,16452,16960,N,N,N,N,N,N
2017-04-27,1624714294,6252686295,142,0,15,33,64,16452,16455,N,N,N,N,N,N
2017-04-28,1624714294,6252686295,15,640,635,23,41,16455,16455,N,N,N,N,N,N
2017-05-01,1624714294,6252686295,538,0,361,81,146,16928,17450,N,N,N,N,N,N
2017-04-29,1624714294,6252686295,635,0,635,26,49,16295,16960,N,N,N,N,N,N
2017-04-30,1624714294,6252686295,635,0,538,55,105,16455,16455,N,N,N,N,N,N
2017-05-02,1624714294,6252686295,361,0,218,62,130,14950,17450,N,N,N,N,N,N
2017-05-05,1624714294,6252686295,1298,0,1298,24,55,16930,17450,N,N,N,N,N,N
2017-05-03,1624714294,6252686295,218,0,126,49,87,16930,17280,N,N,N,N,N,N
2017-05-04,1624714294,6252686295,126,1280,1298,43,88,16927,16930,N,N,N,N,N,N
2017-05-06,1624714294,6252686295,1298,0,1298,33,52,16930,17450,N,N,N,N,N,N
2017-05-07,1624714294,6252686295,1298,0,1170,42,76,14505,17450,N,N,N,N,N,N
2017-05-10,1624714294,6252686295,854,0,660,89,162,17450,17450,N,N,N,N,N,Y
2017-05-11,1624714294,6252686295,660,1280,1725,145,252,15535,15975,N,N,N,N,N,N
2017-05-08,1624714294,6252686295,1170,0,976,89,175,17280,17450,N,N,N,N,N,N
2017-05-09,1624714294,6252686295,976,0,854,77,160,17450,17450,N,N,N,N,N,N
2017-05-14,1624714294,6252686295,1565,0,1413,48,91,17450,17450,N,N,N,N,N,N
2017-05-12,1624714294,6252686295,1725,0,1565,62,117,17280,17450,N,N,N,N,N,N
2017-05-13,1624714294,6252686295,1565,0,1565,43,86,17450,17450,N,N,N,N,N,N
2017-05-15,1624714294,6252686295,1413,3200,4467,81,153,14505,17760,N,N,N,N,N,N
2017-05-16,1624714294,6252686295,4467,0,4313,63,116,17230,17950,N,N,N,N,N,N
2017-05-19,1624714294,6252686295,5391,0,5292,33,55,14950,17950,N,N,N,N,N,N
2017-05-17,1624714294,6252686295,4313,1280,5490,54,96,16930,17950,N,N,N,N,N,Y
2017-05-18,1624714294,6252686295,5490,0,5391,57,119,17230,17760,N,N,N,N,N,N
2017-05-20,1624714294,6252686295,5292,0,5292,23,32,17230,18450,N,N,N,N,N,N
2017-05-23,1624714294,6252686295,5056,0,4921,49,80,16455,17230,N,N,N,Y,N,Y
2017-05-21,1624714294,6252686295,5292,0,5215,39,59,17230,17900,N,N,N,N,N,N
2017-05-22,1624714294,6252686295,5215,0,5056,125,212,14645,15860,N,N,N,Y,N,Y
2017-05-24,1624714294,6252686295,4921,0,4835,44,79,16455,18538,N,N,N,N,N,Y
2017-05-27,1624714294,6252686295,4696,0,4696,43,65,16738,17950,N,N,N,N,N,Y
2017-05-25,1624714294,6252686295,4835,0,4756,43,78,16455,18542,N,N,N,N,N,Y
2017-05-26,1624714294,6252686295,4756,0,4696,40,62,16455,18634,N,N,N,N,N,Y
2017-05-28,1624714294,6252686295,4696,0,4596,46,76,17230,17950,N,N,N,N,N,Y
2017-05-29,1624714294,6252686295,4596,0,4459,69,114,17230,17950,N,N,N,N,N,Y
2017-06-01,1624714294,6252686295,4067,0,3867,125,188,17360,17360,N,N,N,N,N,Y
2017-05-30,1624714294,6252686295,4459,0,4287,125,199,14663,14670,N,N,N,N,N,Y
2017-05-31,1624714294,6252686295,4287,0,4067,153,217,14570,14670,N,N,N,N,N,Y
2017-06-02,1624714294,6252686295,3867,0,3735,61,94,17360,17360,N,N,N,N,N,Y
2017-06-05,1624714294,6252686295,3665,0,3531,85,130,16760,16760,N,N,N,N,Y,N
2017-06-03,1624714294,6252686295,3735,0,3735,30,43,17450,17450,N,N,N,N,N,Y
2017-06-04,1624714294,6252686295,3735,0,3665,41,63,17810,17810,N,N,N,N,N,Y
2017-06-06,1624714294,6252686295,3531,0,3433,69,102,17280,17450,N,N,N,N,Y,N
2017-06-14,1624714294,6252686295,3507,0,3393,71,98,16960,19643,N,N,N,N,N,N
2017-06-09,1624714294,6252686295,3146,0,3036,80,118,15960,16760,N,N,N,N,Y,N
2017-06-07,1624714294,6252686295,3433,0,3301,103,142,17450,17450,N,N,N,N,Y,N
2017-06-08,1624714294,6252686295,3301,0,3146,87,130,17280,17450,N,N,N,N,Y,Y
2017-06-10,1624714294,6252686295,3036,0,3036,48,79,15960,17650,N,N,N,N,Y,N
2017-06-11,1624714294,6252686295,3036,0,2772,291,429,14205,15560,N,N,N,N,Y,N
2017-06-12,1624714294,6252686295,2772,0,2383,104,166,16960,17760,N,N,N,N,N,N
2017-06-13,1624714294,6252686295,2383,1280,3507,91,155,16960,18634,N,N,N,N,N,N
2017-06-15,1624714294,6252686295,3393,0,3271,66,106,15960,17760,N,N,N,N,N,N
2017-06-16,1624714294,6252686295,3271,1280,4469,56,87,15960,18634,N,N,N,N,N,N
2017-06-17,1624714294,6252686295,4469,0,4469,34,61,16960,17760,N,N,N,N,N,N
2017-06-18,1624714294,6252686295,4469,0,4357,45,77,15960,17760,N,N,N,N,N,N
2017-06-19,1624714294,6252686295,4357,0,4119,151,244,15960,16700,N,N,N,N,N,Y
2017-06-22,1624714294,6252686295,3623,0,3290,228,363,14865,16688,N,N,N,N,N,Y
2017-06-20,1624714294,6252686295,4119,0,3888,170,258,15960,16700,N,N,N,N,N,Y
2017-06-21,1624714294,6252686295,3888,0,3623,140,257,15960,16700,N,N,N,N,N,Y
2017-06-23,1624714294,6252686295,3290,0,3079,80,121,16700,16700,N,N,N,N,N,Y
2017-06-26,1624714294,6252686295,2934,0,2585,319,418,16400,16400,N,N,N,Y,N,N
2017-06-24,1624714294,6252686295,3079,0,3079,46,75,16700,16700,N,N,N,N,N,Y
2017-06-25,1624714294,6252686295,3079,0,2934,84,130,16700,16700,N,N,N,N,N,Y
2017-06-27,1624714294,6252686295,2585,0,2125,335,470,15400,16400,N,N,N,Y,N,N
2017-06-30,1624714294,6252686295,1618,0,1495,70,128,16700,16700,N,N,N,N,N,N
2017-06-28,1624714294,6252686295,2125,0,1845,128,238,16700,16700,N,N,N,N,N,N
2017-06-29,1624714294,6252686295,1845,0,1618,78,132,16700,16700,N,N,N,N,N,N
2017-07-01,1624714294,6252686295,1495,0,1495,89,123,16700,17200,N,N,N,N,N,N
2017-07-04,1624714294,6252686295,2305,0,2074,143,216,15700,17200,N,N,N,N,N,N
2017-07-02,1624714294,6252686295,1495,0,1285,94,143,16998,17200,N,N,N,N,N,Y
2017-07-03,1624714294,6252686295,1285,1280,2305,171,259,16955,17200,N,N,N,N,N,N
2017-07-05,1624714294,6252686295,2074,0,1841,117,212,13450,17200,N,N,N,N,N,N
2017-07-08,1624714294,6252686295,2810,0,2810,76,125,15700,17200,N,N,N,N,N,N
2017-07-06,1624714294,6252686295,1841,640,2317,113,156,14950,17200,N,N,N,N,N,N
2017-07-07,1624714294,6252686295,2317,640,2810,80,130,14805,17200,N,N,N,N,N,N
2017-07-09,1624714294,6252686295,2810,0,2618,89,131,15700,17200,N,N,N,N,N,N
2017-07-12,1624714294,6252686295,2087,0,1720,154,261,15700,17200,N,N,N,N,N,N
2017-07-10,1624714294,6252686295,2618,0,2391,109,185,15700,17200,N,N,N,N,N,Y
2017-07-11,1624714294,6252686295,2391,0,2087,246,430,13975,15775,N,N,N,N,N,N
2017-07-13,1624714294,6252686295,1720,0,1526,124,242,17028,17200,N,N,N,N,N,N
2017-07-14,1624714294,6252686295,1526,0,1286,94,150,17030,17200,N,N,N,N,N,N
2017-07-17,1624714294,6252686295,1213,640,1526,157,203,15460,17450,N,N,N,N,N,Y
2017-07-15,1624714294,6252686295,1286,0,1213,51,74,17280,17760,N,N,N,N,N,N
2017-07-16,1624714294,6252686295,1213,0,1213,98,138,17280,17760,N,N,N,N,N,N
2017-07-18,1624714294,6252686295,1526,0,1347,123,176,16795,19242,N,N,N,N,N,Y
2017-07-21,1624714294,6252686295,949,0,772,71,113,16720,17770,N,N,N,N,N,Y
2017-07-19,1624714294,6252686295,1347,0,1176,162,227,16300,18025,N,N,N,N,N,Y
2017-07-20,1624714294,6252686295,1176,0,949,149,206,14805,17860,N,N,N,N,N,Y
2017-07-22,1624714294,6252686295,772,0,772,39,66,17450,17775,N,N,N,N,N,Y
2017-07-25,1624714294,6252686295,1079,0,867,136,228,14065,15980,N,N,N,N,N,Y
2017-07-23,1624714294,6252686295,772,0,666,80,102,17441,17775,N,N,N,N,N,Y
2017-07-24,1624714294,6252686295,666,640,1079,135,224,13678,15980,N,N,N,N,N,Y
2017-07-26,1624714294,6252686295,867,640,1280,115,195,14065,15975,N,N,N,N,N,Y
2017-07-29,1624714294,6252686295,978,0,978,41,71,15521,17613,N,N,N,N,N,Y
2017-07-27,1624714294,6252686295,1280,0,1116,86,148,13712,15980,N,N,N,N,N,Y
2017-07-28,1624714294,6252686295,1116,0,978,90,145,12870,15825,N,N,N,N,N,Y
2017-07-30,1624714294,6252686295,978,0,820,49,85,15677,17613,N,N,N,N,N,Y
2017-08-02,1624714294,6252686295,394,640,870,81,145,17441,17950,N,N,N,N,Y,Y
2017-07-31,1624714294,6252686295,820,0,611,143,247,15521,15980,N,N,N,N,Y,Y
2017-08-01,1624714294,6252686295,611,0,394,92,175,17441,17950,N,N,N,N,Y,Y
2017-08-03,1624714294,6252686295,870,0,751,61,107,17613,17950,N,N,N,N,Y,Y
2017-08-06,1624714294,6252686295,625,0,483,64,111,17613,17950,N,N,N,N,Y,Y
2017-08-04,1624714294,6252686295,751,0,625,76,141,17584,17950,N,N,N,N,Y,Y
2017-08-05,1624714294,6252686295,625,0,625,38,64,17441,17950,N,N,N,N,Y,Y
2017-08-07,1624714294,6252686295,483,170,472,81,147,17613,17950,N,N,N,N,N,N
2017-08-10,1624714294,6252686295,1531,640,2041,67,127,17441,17950,N,N,N,N,N,N
2017-08-08,1624714294,6252686295,472,640,1000,75,121,17613,17950,N,N,N,N,N,N
2017-08-09,1624714294,6252686295,1000,640,1531,49,96,17203,17950,N,N,N,N,N,N
2017-08-11,1624714294,6252686295,2041,640,2159,477,890,13852,14948,N,N,N,Y,N,Y
2017-08-14,1624714294,6252686295,1727,0,1615,64,134,16360,17385,N,N,N,N,N,N
2017-08-12,1624714294,6252686295,2159,0,2159,20,37,18950,20250,N,N,N,N,N,N
2017-08-13,1624714294,6252686295,2159,0,1727,29,36,17950,19471,N,N,N,N,N,N
2017-08-15,1624714294,6252686295,1615,0,1488,74,133,16981,17385,N,N,N,N,N,N
2017-08-18,1624714294,6252686295,1068,0,986,59,113,16981,17385,N,N,N,N,N,N
2017-08-16,1624714294,6252686295,1488,0,1292,117,227,16981,17385,N,N,N,N,N,N
2017-08-17,1624714294,6252686295,1292,0,1068,90,169,16720,17385,N,N,N,N,N,N
2017-08-19,1624714294,6252686295,986,0,986,38,79,17212,17385,N,N,N,N,N,N
2017-08-22,1624714294,6252686295,565,0,419,61,123,16885,17385,N,N,N,N,N,N
2017-08-20,1624714294,6252686295,986,0,765,77,142,17078,17385,N,N,N,N,N,N
2017-08-21,1624714294,6252686295,765,0,565,92,179,17215,17385,N,N,N,N,N,N
2017-08-23,1624714294,6252686295,419,640,951,67,120,17215,17385,N,N,N,N,N,N
2017-08-26,1624714294,6252686295,1412,0,1412,16,28,17775,18450,N,N,N,N,N,Y
2017-08-24,1624714294,6252686295,951,0,852,47,72,17775,18610,N,N,N,N,N,Y
2017-08-25,1624714294,6252686295,852,640,1412,54,98,17775,17950,N,N,N,N,N,Y
2017-08-27,1624714294,6252686295,1412,0,1324,37,60,17775,17950,N,N,N,N,N,Y
2017-08-30,1624714294,6252686295,1060,0,909,75,111,17119,17385,N,N,N,N,Y,N
2017-08-28,1624714294,6252686295,1324,0,1207,78,135,17213,17385,N,N,N,N,N,N
2017-08-29,1624714294,6252686295,1207,0,1060,84,159,17213,17385,N,N,N,N,N,N
2017-08-31,1624714294,6252686295,909,0,775,104,177,16720,17385,N,N,N,N,Y,N
2017-09-03,1624714294,6252686295,560,0,372,53,97,16885,17385,N,N,N,N,Y,N
2017-09-01,1624714294,6252686295,775,0,560,116,198,16885,17385,N,N,N,N,Y,N
2017-09-02,1624714294,6252686295,560,0,560,54,101,16885,17385,N,N,N,N,Y,N
2017-09-04,1624714294,6252686295,372,0,208,104,176,16885,17385,N,N,N,N,Y,N
2017-09-07,1624714294,6252686295,609,0,483,73,146,17028,18369,N,N,N,N,N,N
2017-09-05,1624714294,6252686295,208,0,12,63,120,16885,17385,N,N,N,N,Y,N
2017-09-06,1624714294,6252686295,12,640,609,36,73,16885,17385,N,N,N,N,N,N
2017-09-08,1624714294,6252686295,483,0,390,32,54,18188,18369,N,N,N,N,N,N
2017-09-11,1624714294,6252686295,16,0,12,1,1,17170,17170,N,N,N,N,N,N
2017-09-09,1624714294,6252686295,390,0,390,281,365,10640,17550,N,N,N,Y,N,N
2017-09-10,1624714294,6252686295,390,0,16,2,2,16360,16870,N,N,N,Y,N,N
2017-09-12,1624714294,6252686295,12,0,9,1,2,18370,18370,N,N,N,N,N,N
2017-09-15,1624714294,6252686295,1632,0,1608,12,22,16705,19140,N,N,N,N,N,N
2017-09-13,1624714294,6252686295,9,384,388,5,10,16705,18120,N,N,N,N,N,N
2017-09-14,1624714294,6252686295,388,1280,1632,21,38,16705,17370,N,N,N,N,N,N
2017-09-16,1624714294,6252686295,1608,0,1608,5,13,18950,19830,N,N,N,N,N,N
2017-09-19,1624714294,6252686295,1566,640,2172,25,41,18190,20435,N,N,N,N,Y,N
2017-09-17,1624714294,6252686295,1608,0,1586,2,3,20640,20640,N,N,N,N,N,N
2017-09-18,1624714294,6252686295,1586,0,1566,15,30,18188,20435,N,N,N,N,Y,N
2017-09-20,1624714294,6252686295,2172,0,2104,34,66,18188,18370,N,N,N,N,Y,N
2017-09-23,1624714294,6252686295,2845,0,2845,44,52,15840,17880,N,N,N,N,Y,N
2017-09-21,1624714294,6252686295,2104,640,2708,16,29,17370,19045,N,N,N,N,Y,N
2017-09-22,1624714294,6252686295,2708,332,2845,244,271,14900,16900,N,N,N,N,Y,Y
2017-09-24,1624714294,6252686295,2845,0,2679,47,57,14900,17960,N,N,N,N,Y,N
2017-09-27,1624714294,6252686295,2404,0,2271,97,121,15840,17960,N,N,N,N,Y,N
2017-09-25,1624714294,6252686295,2679,0,2525,126,171,15840,17960,N,N,N,N,Y,N
2017-09-26,1624714294,6252686295,2525,0,2404,85,112,15840,17960,N,N,N,N,Y,N
2017-09-28,1624714294,6252686295,2271,0,2217,26,33,18613,18800,N,N,N,N,Y,N
2017-10-01,1624714294,6252686295,2198,0,2198,21,25,17960,18800,N,N,N,N,Y,N
2017-09-29,1624714294,6252686295,2217,0,2198,19,25,18615,18800,N,N,N,N,Y,N
2017-09-30,1624714294,6252686295,2198,0,2198,27,24,16740,18620,N,N,N,N,Y,N
2017-10-02,1624714294,6252686295,2198,0,2198,11,10,17960,19410,N,N,N,N,Y,N
2017-10-03,1624714294,6252686295,2198,0,2198,4,5,17960,18800,N,N,N,N,Y,N
2017-10-06,1624714294,6252686295,2198,0,1982,109,124,17960,17960,N,N,N,Y,Y,N
2017-10-04,1624714294,6252686295,2198,0,2198,5,5,17960,18380,N,N,N,N,Y,N
2017-10-05,1624714294,6252686295,2198,0,2198,45,51,17960,17960,N,N,N,Y,Y,N
2017-10-07,1624714294,6252686295,1982,0,1982,29,40,16120,18710,N,N,N,N,Y,N
2017-10-10,1624714294,6252686295,1831,0,1756,41,66,19140,19140,N,N,N,N,Y,N
2017-10-08,1624714294,6252686295,1982,0,1880,27,34,17960,18800,N,N,N,N,Y,N
2017-10-09,1624714294,6252686295,1880,0,1831,52,62,17960,18800,N,N,N,N,Y,N
2017-10-11,1624714294,6252686295,1756,0,1665,86,119,16145,17965,N,N,N,N,Y,N
2017-10-14,1624714294,6252686295,1489,0,1489,37,42,17640,18370,N,N,N,N,Y,N
2017-10-12,1624714294,6252686295,1665,0,1576,50,75,18370,18370,N,N,N,N,Y,N
2017-10-13,1624714294,6252686295,1576,0,1489,61,88,18370,18370,N,N,N,N,Y,N
2017-10-15,1624714294,6252686295,1489,0,1375,75,107,18140,18370,N,N,N,Y,Y,N
2017-10-18,1624714294,6252686295,1042,0,876,95,152,18140,18370,N,N,N,N,Y,N
2017-10-16,1624714294,6252686295,1375,0,1211,115,175,17545,18370,N,N,N,Y,Y,N
2017-10-17,1624714294,6252686295,1211,0,1042,95,160,17545,18370,N,N,N,N,Y,N
2017-10-19,1624714294,6252686295,876,0,757,73,105,18140,18370,N,N,N,N,Y,N
2017-10-22,1624714294,6252686295,680,0,557,52,91,18140,18370,N,N,N,N,Y,N
2017-10-20,1624714294,6252686295,757,0,680,40,59,18140,18370,N,N,N,N,Y,N
2017-10-21,1624714294,6252686295,680,0,680,43,63,18140,18370,N,N,N,N,Y,N
2017-10-23,1624714294,6252686295,557,640,1042,88,147,18140,18370,N,N,N,N,N,N
2017-10-26,1624714294,6252686295,29,960,970,20,31,16515,19140,N,N,N,N,N,N
2017-10-24,1624714294,6252686295,1042,0,182,960,967,15000,17000,N,Y,N,N,N,Y
2017-10-25,1624714294,6252686295,182,0,29,6,6,15000,17400,N,N,N,N,N,N
2017-10-27,1624714294,6252686295,970,0,907,46,60,17000,17800,N,N,N,N,N,N
2017-10-30,1624714294,6252686295,816,0,673,111,154,15130,17800,N,N,N,N,N,N
2017-10-28,1624714294,6252686295,907,0,907,47,53,15000,17800,N,N,N,N,N,N
2017-10-29,1624714294,6252686295,907,0,816,49,62,14500,17800,N,N,N,N,N,N
2017-10-31,1624714294,6252686295,673,0,517,121,162,15130,17800,N,N,N,N,N,N
2017-11-03,1624714294,6252686295,143,0,13,38,45,14880,18590,N,N,N,N,N,N
2017-11-01,1624714294,6252686295,517,0,325,136,200,14880,18590,N,N,N,N,N,Y
2017-11-02,1624714294,6252686295,325,0,143,160,202,14880,18485,N,N,N,N,N,Y
2017-11-04,1624714294,6252686295,13,0,13,6,7,16710,18590,N,N,N,N,N,N
2017-11-08,1624714294,6252686295,521,0,365,176,220,14880,17400,N,N,N,N,N,N
2017-11-06,1624714294,6252686295,6,640,624,32,51,16705,18585,N,N,N,N,N,N
2017-11-07,1624714294,6252686295,624,0,521,72,109,15205,18585,N,N,N,N,N,N
2017-11-11,1624714294,6252686295,704,0,704,124,178,14870,16550,N,N,N,N,N,N
2017-11-09,1624714294,6252686295,365,640,818,89,122,14880,18590,N,N,N,N,N,N
2017-11-10,1624714294,6252686295,818,0,704,63,101,15505,18585,N,N,N,N,N,N
2017-11-12,1624714294,6252686295,704,0,489,36,50,18585,18585,N,N,N,N,N,N
2017-11-13,1624714294,6252686295,489,0,380,73,121,17085,18585,N,N,N,N,N,N
2017-11-14,1624714294,6252686295,380,0,215,183,236,16000,17000,N,N,N,N,N,N
2017-11-15,1624714294,6252686295,215,640,635,117,152,15880,18400,N,N,N,N,N,N
2017-11-16,1624714294,6252686295,635,0,514,90,121,17880,18400,N,N,N,N,N,N
2017-11-19,1624714294,6252686295,397,0,259,79,113,18220,18400,N,N,N,N,N,N
2017-11-17,1624714294,6252686295,514,0,397,62,90,18400,18400,N,N,N,N,N,N
2017-11-18,1624714294,6252686295,397,0,397,39,55,17880,18400,N,N,N,N,N,Y
2017-11-20,1624714294,6252686295,259,0,143,99,123,16710,18400,N,N,N,N,N,Y
2017-11-21,1624714294,6252686295,143,0,10,53,79,17750,18400,N,N,N,N,N,N
2017-11-26,1624714294,6252686295,1688,0,1545,60,90,16705,18400,N,N,N,N,N,N
2017-11-27,1624714294,6252686295,1545,0,1386,119,172,16710,18400,N,N,N,N,N,N
2017-11-24,1624714294,6252686295,1154,640,1688,47,84,18220,18400,N,N,N,N,N,Y
2017-11-22,1624714294,6252686295,10,1280,1276,39,55,17880,18400,N,N,N,N,N,N
2017-11-23,1624714294,6252686295,1276,0,1154,97,127,15880,18400,N,N,N,N,N,N
2017-11-25,1624714294,6252686295,1688,0,1688,60,79,16710,18400,N,N,N,N,N,Y
